,Total,All Extremely ,All Fairly ,All Neither ,All Fairly dis,All Extremely dis,All NET,Male Extremely ,Male Fairly ,Male Neither ,Male Fairly dis,Male Extremely dis,Male NET,Female Extremely ,Female Fairly ,Female Neither ,Female Fairly dis,Female Extremely dis,Female NET,Other Gender Extremely ,Other Gender Fairly ,Other Gender Neither ,Other Gender Fairly dis,Other Gender Extremely dis,Other Gender NET,18-30 Extremely ,18-30 Fairly ,18-30 Neither ,18-30 Fairly dis,18-30 Extremely dis,18-30 NET,31-45 Extremely ,31-45 Fairly ,31-45 Neither ,31-45 Fairly dis,31-45 Extremely dis,31-45 NET,46-64 Extremely ,46-64 Fairly ,46-64 Neither ,46-64 Fairly dis,46-64 Extremely dis,46-64 NET,65p Extremely ,65p Fairly ,65p Neither ,65p Fairly dis,65p Extremely dis,65p NET,SNIW Extremely ,SNIW Fairly ,SNIW Neither ,SNIW Fairly dis,SNIW Extremely dis,SNIW NET,North Extremely ,North Fairly ,North Neither ,North Fairly dis,North Extremely dis,North NET,Mid Extremely ,Mid Fairly ,Mid Neither ,Mid Fairly dis,Mid Extremely dis,Mid NET,London Extremely ,London Fairly ,London Neither ,London Fairly dis,London Extremely dis,London NET,South Extremely ,South Fairly ,South Neither ,South Fairly dis,South Extremely dis,South NET
Base,10662,4275,4209,1887,217,73,10661,1950,1873,912,95,24,4854,2320,2330,971,121,48,5790,5,6,4,1,1,17,644,591,171,22,10,1438,1436,1530,597,67,31,3661,1516,1538,792,89,24,3959,679,549,327,39,8,1602,651,561,288,39,18,1557,1006,1032,380,51,17,2486,986,1040,458,45,12,2541,695,616,296,19,9,1635,937,959,465,63,17,2441
Base weighted,12438,5142,4834,2116,255,91,12438,2316,2124,1024,126,41,5631,2816,2702,1085,127,49,6779,10,8,7,2,1,27,842,784,199,33,10,1869,1757,1842,679,87,40,4406,1780,1665,875,92,30,4440,763,541,363,43,11,1720,770,646,322,47,19,1803,1293,1185,424,60,22,2984,1177,1229,515,51,14,2987,816,726,305,22,15,1884,1086,1047,549,75,20,2778
Base percent,,41.34%,38.86%,17.01%,2.05%,0.73%,100.00%,41.13%,37.72%,18.19%,2.23%,0.73%,100.00%,41.54%,39.85%,16.01%,1.88%,0.72%,100.00%,35.17%,29.67%,24.18%,8.79%,2.19%,100.00%,45.09%,41.96%,10.64%,1.78%,0.53%,100.00%,39.88%,41.81%,15.42%,1.97%,0.91%,100.00%,40.08%,37.49%,19.70%,2.07%,0.67%,100.00%,44.34%,31.42%,21.10%,2.51%,0.63%,100.00%,42.68%,35.80%,17.84%,2.59%,1.08%,100.00%,43.34%,39.71%,14.21%,2.01%,0.73%,100.00%,39.42%,41.13%,17.25%,1.72%,0.48%,100.00%,43.31%,38.53%,16.21%,1.18%,0.78%,100.00%,39.11%,37.68%,19.78%,2.70%,0.72%,100.00%
4paws,212,74,87,46,3,2,212,30,45,17,2,0,94,44,42,28,1,2,117,0,0,1,0,0,1,28,28,11,0,0,67,26,33,17,3,0,79,16,22,16,0,2,56,4,4,2,0,0,10,13,13,13,1,0,40,21,22,10,0,1,54,17,17,12,0,0,46,11,23,6,0,0,40,12,12,5,2,1,32
4paws weighted,265,106,105,46,6,2,265,48,54,17,4,0,123,58,52,26,2,2,140,0,0,2,0,0,2,42,35,11,0,0,88,34,41,17,6,0,99,24,28,15,0,2,68,7,1,2,0,0,10,15,17,11,2,0,45,34,25,11,0,1,71,24,26,10,0,0,60,19,24,7,0,0,50,14,13,7,4,*,38
4paws percent,,39.98%,39.75%,17.22%,2.38%,0.68%,100.00%,38.88%,43.76%,14.18%,3.18%,0%,100.00%,41.63%,36.91%,18.46%,1.72%,1.29%,100.00%,0%,0%,100.00%,0%,0%,100.00%,47.78%,39.93%,12.29%,0%,0%,100.00%,34.04%,41.94%,17.63%,6.38%,0%,100.00%,34.80%,40.53%,22.03%,0%,2.64%,100.00%,64.69%,11.78%,23.52%,0%,0%,100.00%,33.78%,37.08%,23.84%,5.30%,0%,100.00%,48.10%,35.02%,14.77%,0%,2.11%,100.00%,39.50%,43.00%,17.50%,0%,0%,100.00%,37.50%,48.21%,14.29%,0%,0%,100.00%,36.22%,35.43%,17.32%,10.24%,0.79%,100.00%
Admiral,246,101,105,38,2,0,246,65,60,27,0,0,152,36,45,11,2,0,94,0,0,0,0,0,0,22,33,8,1,0,64,63,57,19,0,0,139,13,15,11,0,0,39,3,0,0,1,0,4,12,4,7,0,0,23,24,26,4,0,0,54,15,29,8,0,0,52,30,27,10,0,0,67,20,19,9,2,0,50
Admiral weighted,313,130,133,45,5,0,313,80,73,31,0,0,184,50,61,14,5,0,130,0,0,0,0,0,0,28,46,8,2,0,85,84,69,23,0,0,177,13,18,13,0,0,45,4,0,0,2,0,7,13,7,6,0,0,26,38,36,4,0,0,79,13,36,9,0,0,58,39,27,11,0,0,77,26,28,16,5,0,74
Admiral percent,,41.44%,42.58%,14.45%,1.53%,0%,100.00%,43.47%,39.70%,16.83%,0%,0%,100.00%,38.57%,46.65%,11.09%,3.69%,0%,100.00%,0%,0%,0%,0%,0%,0%,32.98%,54.25%,9.93%,2.84%,0%,100.00%,47.63%,39.15%,13.22%,0%,0%,100.00%,29.80%,40.40%,29.80%,0%,0%,100.00%,63.64%,0%,0%,36.36%,0%,100.00%,52.33%,25.58%,22.08%,0%,0%,100.00%,48.85%,45.80%,5.34%,0%,0%,100.00%,23.32%,61.66%,15.03%,0%,0%,100.00%,50.39%,35.55%,14.06%,0%,0%,100.00%,34.68%,37.50%,21.37%,6.45%,0%,100.00%
Adrian Flux,52,24,16,10,2,0,52,15,13,7,2,0,37,9,3,3,0,0,15,0,0,0,0,0,0,9,3,1,1,0,14,13,11,8,1,0,33,2,2,1,0,0,5,0,0,0,0,0,0,1,1,0,1,0,3,2,2,1,0,0,5,3,2,2,1,0,8,15,11,7,0,0,33,3,0,0,0,0,3
Adrian Flux weighted,74,34,21,15,5,0,74,19,15,10,5,0,49,14,6,5,0,0,26,0,0,0,0,0,0,12,4,2,2,0,21,19,13,11,2,0,45,3,4,1,0,0,9,0,0,0,0,0,0,2,2,0,2,0,7,4,2,2,0,0,8,4,3,1,2,0,10,20,14,12,0,0,46,3,0,0,0,0,3
Adrian Flux percent,,45.16%,28.23%,20.16%,6.45%,0%,100.00%,39.51%,30.25%,20.37%,9.88%,0%,100.00%,55.81%,24.42%,19.77%,0%,0%,100.00%,0%,0%,0%,0%,0%,0%,56.52%,20.29%,11.59%,11.59%,0%,100.00%,41.33%,28.66%,24.67%,5.33%,0%,100.00%,37.93%,44.83%,17.24%,0%,0%,100.00%,0%,0%,0%,0%,0%,0%,33.33%,33.33%,0%,33.33%,0%,100.00%,48.14%,22.23%,29.63%,0%,0%,100.00%,37.50%,31.25%,6.26%,25.00%,0%,100.00%,44.16%,29.87%,25.97%,0%,0%,100.00%,100.00%,0%,0%,0%,0%,100.00%
Ageas,36,16,15,5,0,0,36,12,9,3,0,0,24,4,6,2,0,0,12,0,0,0,0,0,0,3,3,2,0,0,8,8,4,2,0,0,14,4,4,1,0,0,9,1,4,0,0,0,5,0,0,2,0,0,2,2,3,1,0,0,6,1,1,0,0,0,2,10,4,0,0,0,14,3,7,2,0,0,12
Ageas weighted,58,23,26,9,0,0,58,16,15,6,0,0,37,7,11,3,0,0,21,0,0,0,0,0,0,6,6,5,0,0,17,9,5,3,0,0,17,6,8,1,0,0,15,2,7,0,0,0,10,0,0,3,0,0,3,3,5,2,0,0,10,2,1,0,0,0,4,11,6,0,0,0,17,7,13,3,0,0,24
Ageas percent,,40.20%,44.85%,14.95%,0%,0%,100.00%,44.35%,40.33%,15.33%,0%,0%,100.00%,32.85%,52.87%,14.28%,0%,0%,100.00%,0%,0%,0%,0%,0%,0%,37.50%,33.93%,28.57%,0%,0%,100.00%,50.88%,31.58%,17.54%,0%,0%,100.00%,40.80%,53.08%,6.12%,0%,0%,100.00%,25.00%,75.00%,0%,0%,0%,100.00%,0%,0%,100.00%,0%,0%,100.00%,29.40%,47.07%,23.53%,0%,0%,100.00%,61.54%,38.46%,0%,0%,0%,100.00%,63.15%,36.85%,0%,0%,0%,100.00%,30.38%,56.97%,12.65%,0%,0%,100.00%
Agria Pet Insurance,264,133,88,35,6,2,264,99,52,18,3,1,173,34,36,17,3,1,91,0,0,0,0,0,0,26,16,12,1,0,55,79,41,9,1,1,131,13,24,9,2,1,49,15,7,5,2,0,29,16,14,3,1,1,35,13,15,2,0,0,30,20,22,9,2,1,54,60,25,9,0,0,94,24,12,12,3,0,51
Agria Pet Insurance weighted,292,142,107,36,5,2,292,90,66,19,1,1,178,52,41,18,4,*,115,0,0,0,0,0,0,23,23,12,1,0,59,86,52,9,2,1,151,20,24,12,1,*,57,13,7,4,1,0,25,21,20,2,*,*,43,22,18,1,0,0,40,22,28,7,1,1,59,54,31,10,0,0,96,23,10,16,4,0,54
Agria Pet Insurance percent,,48.62%,36.61%,12.41%,1.74%,0.62%,100.00%,50.85%,37.33%,10.47%,0.51%,0.84%,100.00%,45.17%,35.51%,15.41%,3.66%,0.26%,100.00%,0%,0%,0%,0%,0%,0%,39.39%,38.38%,19.70%,2.53%,0%,100.00%,56.75%,34.72%,5.95%,1.59%,0.99%,100.00%,35.60%,42.40%,20.42%,1.05%,0.52%,100.00%,51.21%,30.49%,15.86%,2.44%,0%,100.00%,48.60%,45.14%,4.86%,0.70%,0.70%,100.00%,53.33%,45.18%,1.48%,0%,0%,100.00%,37.37%,47.47%,11.62%,1.01%,2.53%,100.00%,56.43%,32.60%,10.97%,0%,0%,100.00%,43.57%,18.43%,30.17%,7.82%,0%,100.00%
Animalcare,84,30,38,14,2,0,84,19,22,8,1,0,50,11,16,5,1,0,33,0,0,1,0,0,1,10,7,0,1,0,18,16,27,11,1,0,55,3,2,3,0,0,8,1,2,0,0,0,3,6,2,3,1,0,12,3,8,2,0,0,13,4,6,3,0,0,13,14,17,4,1,0,36,3,5,2,0,0,10
Animalcare weighted,73,28,30,11,5,0,73,17,19,8,2,0,47,10,11,2,2,0,26,0,0,*,0,0,*,6,5,0,2,0,14,17,23,9,2,0,52,2,1,2,0,0,4,2,1,0,0,0,3,7,1,2,2,0,12,3,5,1,0,0,9,4,5,4,0,0,13,10,17,4,2,0,33,3,2,1,0,0,6
Animalcare percent,,37.71%,40.56%,15.16%,6.56%,0%,100.00%,36.95%,40.12%,17.83%,5.10%,0%,100.00%,39.56%,41.84%,9.30%,9.31%,0%,100.00%,0%,0%,100.00%,0%,0%,100.00%,44.69%,38.28%,0%,17.03%,0%,100.00%,33.73%,44.18%,17.44%,4.65%,0%,100.00%,33.36%,19.97%,46.68%,0%,0%,100.00%,79.96%,20.04%,0%,0%,0%,100.00%,57.51%,7.49%,14.99%,20.00%,0%,100.00%,35.51%,51.61%,12.88%,0%,0%,100.00%,30.22%,39.56%,30.22%,0%,0%,100.00%,31.54%,50.43%,10.82%,7.21%,0%,100.00%,52.65%,36.80%,10.55%,0%,0%,100.00%
Animal Friends,1462,603,562,255,31,11,1462,220,184,107,9,0,520,382,378,148,22,11,941,1,0,0,0,0,1,67,58,11,3,1,140,187,173,71,7,7,445,239,237,101,17,3,597,110,94,72,4,0,280,88,64,31,4,5,192,158,154,50,8,3,373,149,137,75,9,1,371,82,66,23,2,0,173,126,141,76,8,2,353
Animal Friends weighted,1648,678,630,294,37,10,1648,235,203,130,12,0,580,440,427,165,25,10,1066,2,0,0,0,0,2,80,67,9,5,1,163,200,199,86,8,4,498,277,270,119,18,5,690,120,93,79,5,0,298,93,72,31,5,4,204,193,178,57,10,3,442,192,151,90,12,*,445,67,81,32,1,0,181,132,149,84,9,3,378
Animal Friends percent,,41.10%,38.23%,17.85%,2.22%,0.60%,100.00%,40.57%,35.04%,22.33%,2.07%,0%,100.00%,41.26%,40.05%,15.45%,2.31%,0.93%,100.00%,100.00%,0%,0%,0%,0%,100.00%,49.35%,41.44%,5.71%,3.13%,0.37%,100.00%,40.14%,40.02%,17.30%,1.69%,0.84%,100.00%,40.16%,39.16%,17.30%,2.65%,0.74%,100.00%,40.38%,31.32%,26.69%,1.61%,0%,100.00%,45.66%,35.34%,15.02%,2.21%,1.77%,100.00%,43.75%,40.29%,12.97%,2.24%,0.75%,100.00%,43.20%,33.83%,20.15%,2.76%,0.07%,100.00%,37.04%,44.68%,17.94%,0.33%,0%,100.00%,35.03%,39.48%,22.32%,2.46%,0.72%,100.00%
Argos,181,70,73,28,9,1,181,35,39,12,5,0,91,35,34,16,4,1,90,0,0,0,0,0,0,8,7,3,0,0,18,24,26,11,3,1,65,23,23,5,3,0,54,15,17,9,3,0,44,10,9,5,0,0,24,20,13,6,4,0,43,11,16,6,2,0,35,18,13,7,1,0,39,11,22,4,2,1,40
Argos weighted,179,77,69,29,4,*,179,42,33,11,2,0,88,35,36,18,2,*,91,0,0,0,0,0,0,5,7,1,0,0,14,31,31,15,1,*,79,21,15,4,2,0,42,19,15,9,1,0,44,11,11,4,0,0,26,17,9,5,2,0,33,10,13,10,1,0,34,24,15,7,*,0,46,15,20,3,1,*,40
Argos percent,,42.98%,38.46%,16.06%,2.34%,0.17%,100.00%,47.80%,37.62%,12.21%,2.37%,0%,100.00%,38.28%,39.27%,19.81%,2.31%,0.33%,100.00%,0%,0%,0%,0%,0%,0%,38.31%,53.19%,8.50%,0%,0%,100.00%,39.69%,39.69%,18.71%,1.53%,0.38%,100.00%,50.35%,36.17%,9.22%,4.25%,0%,100.00%,43.24%,33.77%,20.28%,2.70%,0%,100.00%,42.04%,42.04%,15.92%,0%,0%,100.00%,50.46%,27.91%,15.33%,6.31%,0%,100.00%,29.20%,39.83%,28.32%,2.65%,0%,100.00%,52.93%,32.03%,14.38%,0.65%,0%,100.00%,37.60%,51.13%,8.27%,2.25%,0.75%,100.00%
Asda Money,137,62,46,27,1,1,137,42,17,16,1,0,76,19,29,11,0,1,60,1,0,0,0,0,1,23,11,5,0,1,40,21,14,9,0,0,44,14,21,12,1,0,48,4,0,1,0,0,5,8,9,3,0,0,20,7,12,2,0,1,22,8,14,9,0,0,31,30,7,10,0,0,47,9,4,3,1,0,17
Asda Money weighted,142,64,48,29,1,*,142,39,13,18,1,0,70,23,35,11,0,*,70,1,0,0,0,0,1,17,11,5,0,*,33,28,20,10,0,0,58,15,17,12,1,0,45,4,0,1,0,0,6,10,9,1,0,0,20,9,15,1,0,*,25,7,13,8,0,0,29,24,9,13,0,0,47,13,2,5,1,0,21
Asda Money percent,,45.13%,33.90%,20.34%,0.42%,0.21%,100.00%,55.75%,17.87%,25.53%,0.85%,0%,100.00%,33.19%,50.87%,15.52%,0%,0.43%,100.00%,100.00%,0%,0%,0%,0%,100.00%,50.47%,33.02%,15.59%,0%,0.92%,100.00%,47.91%,34.38%,17.71%,0%,0%,100.00%,33.78%,38.41%,26.49%,1.32%,0%,100.00%,75.00%,0%,25.00%,0%,0%,100.00%,47.77%,44.78%,7.45%,0%,0%,100.00%,35.70%,59.54%,3.57%,0%,1.19%,100.00%,25.78%,46.39%,27.84%,0%,0%,100.00%,52.26%,18.71%,29.03%,0%,0%,100.00%,65.23%,8.68%,23.19%,2.89%,0%,100.00%
Avid Pet insurance,209,100,84,22,2,1,209,72,50,15,0,1,138,28,34,7,2,0,71,0,0,0,0,0,0,24,23,4,1,1,53,55,48,10,1,0,114,17,10,7,0,0,34,4,3,1,0,0,8,6,6,3,0,0,15,22,16,5,1,1,45,19,22,2,0,0,43,40,27,7,0,0,74,13,13,5,1,0,32
Avid Pet insurance weighted,297,134,125,34,3,1,297,93,73,21,0,1,187,41,52,13,3,0,109,0,0,0,0,0,0,35,34,5,1,1,78,70,67,14,1,0,152,23,19,13,0,0,55,5,5,1,0,0,12,10,10,5,0,0,25,32,27,9,1,1,71,32,33,4,0,0,69,48,37,6,0,0,91,12,18,9,1,0,41
Avid Pet insurance percent,,45.10%,42.06%,11.33%,1.01%,0.51%,100.00%,49.44%,38.72%,11.04%,0%,0.80%,100.00%,37.64%,47.80%,11.81%,2.75%,0%,100.00%,0%,0%,0%,0%,0%,0%,45.56%,44.01%,6.56%,1.93%,1.93%,100.00%,46.05%,43.87%,9.09%,0.99%,0%,100.00%,41.84%,34.24%,23.92%,0%,0%,100.00%,45.00%,42.50%,12.50%,0%,0%,100.00%,38.56%,39.75%,21.69%,0%,0%,100.00%,44.96%,38.23%,12.61%,2.10%,2.10%,100.00%,46.73%,47.60%,5.68%,0%,0%,100.00%,53.14%,40.26%,6.60%,0%,0%,100.00%,28.67%,44.86%,22.79%,3.68%,0%,100.00%
Bloomhill Insurance Solutions,50,27,12,11,0,0,50,25,11,9,0,0,45,2,1,2,0,0,5,0,0,0,0,0,0,10,3,4,0,0,17,17,9,7,0,0,33,0,0,0,0,0,0,0,0,0,0,0,0,1,0,0,0,0,1,3,3,0,0,0,6,3,3,0,0,0,6,19,6,11,0,0,36,1,0,0,0,0,1
Bloomhill Insurance Solutions weighted,58,30,15,13,0,0,58,27,15,10,0,0,52,3,*,3,0,0,7,0,0,0,0,0,0,11,4,4,0,0,18,19,12,9,0,0,40,0,0,0,0,0,0,0,0,0,0,0,0,1,0,0,0,0,1,4,2,0,0,0,6,4,6,0,0,0,10,19,7,13,0,0,40,1,0,0,0,0,1
Bloomhill Insurance Solutions percent,,51.03%,26.29%,22.69%,0%,0%,100.00%,51.74%,29.07%,19.19%,0%,0%,100.00%,45.46%,4.55%,49.99%,0%,0%,100.00%,0%,0%,0%,0%,0%,0%,59.02%,19.66%,21.32%,0%,0%,100.00%,47.36%,29.33%,23.31%,0%,0%,100.00%,0%,0%,0%,0%,0%,0%,0%,0%,0%,0%,0%,0%,100.00%,0%,0%,0%,0%,100.00%,70.02%,29.98%,0%,0%,0%,100.00%,38.24%,61.76%,0%,0%,0%,100.00%,48.87%,18.04%,33.09%,0%,0%,100.00%,100.00%,0%,0%,0%,0%,100.00%
Bought by Many,370,199,107,58,3,3,370,98,41,26,2,2,169,101,66,32,1,1,201,0,0,0,0,0,0,31,27,4,0,1,63,58,34,14,0,1,107,59,28,32,1,1,121,51,18,8,2,0,79,49,17,10,1,0,77,45,23,9,1,0,78,30,32,17,0,1,80,32,9,10,0,2,53,43,26,12,1,0,82
Bought by Many weighted,529,284,158,76,5,6,529,132,59,34,3,5,233,152,98,43,1,1,295,0,0,0,0,0,0,49,52,7,0,2,110,91,52,22,0,2,167,86,39,39,2,1,167,59,15,9,2,0,85,68,17,9,1,0,95,67,30,11,2,0,111,46,51,21,0,2,120,49,19,16,0,3,87,54,41,19,1,0,116
Bought by Many percent,,53.77%,29.83%,14.41%,0.91%,1.08%,100.00%,56.69%,25.45%,14.40%,1.41%,2.06%,100.00%,51.47%,33.30%,14.42%,0.51%,0.30%,100.00%,0%,0%,0%,0%,0%,0%,44.26%,47.27%,6.28%,0%,2.19%,100.00%,54.32%,31.11%,13.13%,0%,1.44%,100.00%,51.43%,23.48%,23.12%,1.43%,0.54%,100.00%,69.61%,17.32%,10.25%,2.83%,0%,100.00%,71.52%,17.72%,9.81%,0.95%,0%,100.00%,60.98%,27.10%,9.76%,2.17%,0%,100.00%,38.35%,42.36%,17.29%,0%,2.01%,100.00%,56.01%,21.99%,18.21%,0%,3.78%,100.00%,46.65%,35.31%,16.76%,1.29%,0%,100.00%
Brightside,41,23,14,4,0,0,41,20,9,4,0,0,33,3,5,0,0,0,8,0,0,0,0,0,0,10,7,0,0,0,17,12,7,4,0,0,23,1,0,0,0,0,1,0,0,0,0,0,0,2,0,0,0,0,2,2,1,0,0,0,3,1,4,0,0,0,5,16,8,3,0,0,27,2,1,1,0,0,4
Brightside weighted,64,32,24,8,0,0,64,26,14,8,0,0,48,6,10,0,0,0,16,0,0,0,0,0,0,14,12,0,0,0,26,16,12,8,0,0,36,2,0,0,0,0,2,0,0,0,0,0,0,4,0,0,0,0,4,3,2,0,0,0,6,1,8,0,0,0,8,21,12,7,0,0,40,4,2,1,0,0,7
Brightside percent,,50.23%,37.67%,12.09%,0%,0%,100.00%,54.38%,29.37%,16.25%,0%,0%,100.00%,38.18%,61.82%,0%,0%,0%,100.00%,0%,0%,0%,0%,0%,0%,54.02%,45.98%,0%,0%,0%,100.00%,44.17%,34.16%,21.67%,0%,0%,100.00%,100.00%,0%,0%,0%,0%,100.00%,0%,0%,0%,0%,0%,0%,100.00%,0%,0%,0%,0%,100.00%,57.89%,42.11%,0%,0%,0%,100.00%,7.12%,92.88%,0%,0%,0%,100.00%,52.28%,29.54%,18.18%,0%,0%,100.00%,56.54%,34.79%,8.67%,0%,0%,100.00%
Geoffrey Insurance,23,16,4,3,0,0,23,14,2,3,0,0,19,2,2,0,0,0,4,0,0,0,0,0,0,5,2,0,0,0,7,11,2,0,0,0,13,0,0,3,0,0,3,0,0,0,0,0,0,1,2,0,0,0,3,0,0,3,0,0,3,2,1,0,0,0,3,12,1,0,0,0,13,1,0,0,0,0,1
Geoffrey Insurance weighted,35,24,7,5,0,0,35,22,5,5,0,0,32,1,2,0,0,0,3,0,0,0,0,0,0,5,2,0,0,0,7,18,5,0,0,0,23,0,0,5,0,0,5,0,0,0,0,0,0,2,4,0,0,0,6,0,0,5,0,0,5,1,1,0,0,0,2,20,2,0,0,0,22,*,0,0,0,0,*
Geoffrey Insurance percent,,66.95%,19.49%,13.56%,0%,0%,100.00%,70.09%,14.95%,14.95%,0%,0%,100.00%,36.40%,63.60%,0%,0%,0%,100.00%,0%,0%,0%,0%,0%,0%,72.02%,27.98%,0%,0%,0%,100.00%,79.22%,20.78%,0%,0%,0%,100.00%,0%,0%,100.00%,0%,0%,100.00%,0%,0%,0%,0%,0%,0%,38.09%,61.91%,0%,0%,0%,100.00%,0%,0%,100.00%,0%,0%,100.00%,66.75%,33.25%,0%,0%,0%,100.00%,89.19%,10.81%,0%,0%,0%,100.00%,100.00%,0%,0%,0%,0%,100.00%
Churchill,200,86,89,25,0,0,200,44,62,17,0,0,123,42,27,8,0,0,77,0,0,0,0,0,0,14,14,2,0,0,30,36,49,5,0,0,90,31,21,14,0,0,66,5,5,4,0,0,14,13,12,1,0,0,26,16,15,6,0,0,37,26,12,7,0,0,45,17,28,5,0,0,50,14,22,6,0,0,42
Churchill weighted,204,97,81,26,0,0,204,55,52,18,0,0,125,42,28,9,0,0,79,0,0,0,0,0,0,16,13,1,0,0,30,43,44,6,0,0,94,31,20,16,0,0,67,6,4,3,0,0,13,11,10,*,0,0,21,24,19,8,0,0,52,30,13,7,0,0,49,17,24,4,0,0,45,14,15,7,0,0,37
Churchill percent,,47.43%,39.65%,12.92%,0%,0%,100.00%,43.75%,42.07%,14.18%,0%,0%,100.00%,53.20%,35.85%,10.95%,0%,0%,100.00%,0%,0%,0%,0%,0%,0%,54.99%,43.01%,2.00%,0%,0%,100.00%,46.17%,47.14%,6.69%,0%,0%,100.00%,45.95%,29.73%,24.32%,0%,0%,100.00%,46.65%,28.89%,24.46%,0%,0%,100.00%,52.85%,45.72%,1.43%,0%,0%,100.00%,46.83%,37.57%,15.61%,0%,0%,100.00%,61.21%,25.46%,13.33%,0%,0%,100.00%,37.75%,52.99%,9.26%,0%,0%,100.00%,38.52%,41.81%,19.68%,0%,0%,100.00%
Co-operative Insurance,104,41,36,23,2,2,104,16,15,9,2,2,44,25,21,14,0,0,60,0,0,0,0,0,0,8,10,6,0,0,24,14,15,10,0,1,40,12,10,6,1,1,30,7,1,1,1,0,10,7,3,6,0,0,16,11,10,6,0,1,28,7,12,4,0,0,23,6,5,3,0,0,14,10,6,4,2,1,23
Co-operative Insurance weighted,148,58,55,28,2,5,148,19,19,8,2,5,53,40,36,19,0,0,95,0,0,0,0,0,0,11,17,10,0,0,39,20,26,10,0,2,59,18,11,6,1,2,38,9,1,1,*,0,12,9,6,9,0,0,25,14,13,6,0,2,35,10,20,6,0,0,36,10,6,3,0,0,19,16,9,4,2,2,33
Co-operative Insurance percent,,39.63%,37.19%,18.70%,1.22%,3.25%,100.00%,35.79%,35.80%,15.91%,3.41%,9.09%,100.00%,41.77%,37.97%,20.25%,0%,0%,100.00%,0%,0%,0%,0%,0%,0%,29.45%,43.41%,27.13%,0%,0%,100.00%,34.18%,44.90%,16.84%,0%,4.08%,100.00%,46.88%,28.12%,14.85%,3.91%,6.25%,100.00%,76.92%,7.69%,12.82%,2.57%,0%,100.00%,36.59%,25.61%,37.81%,0%,0%,100.00%,38.98%,38.13%,16.11%,0%,6.78%,100.00%,28.33%,55.83%,15.83%,0%,0%,100.00%,52.38%,31.75%,15.88%,0%,0%,100.00%,47.71%,27.52%,11.92%,5.51%,7.34%,100.00%
Direct Line,389,163,158,57,9,2,389,80,96,27,6,2,211,82,62,30,3,0,177,1,0,0,0,0,1,11,12,3,0,0,26,41,52,16,5,1,115,76,77,30,1,1,185,35,17,8,3,0,63,18,27,8,0,1,54,41,42,10,1,0,94,47,28,11,2,0,88,13,19,6,0,0,38,44,42,22,6,1,115
Direct Line weighted,368,166,144,46,10,2,368,84,92,27,9,2,213,80,52,20,1,0,153,2,0,0,0,0,2,10,15,1,0,0,26,45,43,17,5,1,110,75,74,19,1,1,169,37,12,9,5,0,63,15,23,6,0,1,45,45,41,10,1,0,97,48,23,11,1,0,82,7,19,2,0,0,28,51,37,17,8,1,115
Direct Line percent,,45.11%,39.01%,12.62%,2.77%,0.49%,100.00%,39.38%,43.04%,12.52%,4.22%,0.84%,100.00%,52.26%,33.99%,12.96%,0.79%,0%,100.00%,100.00%,0%,0%,0%,0%,100.00%,37.93%,58.62%,3.45%,0%,0%,100.00%,40.76%,38.59%,15.49%,4.35%,0.82%,100.00%,44.15%,43.62%,11.34%,0.35%,0.53%,100.00%,58.37%,19.14%,14.83%,7.66%,0%,100.00%,33.12%,50.98%,13.91%,0%,1.99%,100.00%,45.85%,42.46%,10.15%,1.54%,0%,100.00%,58.54%,27.64%,13.09%,0.73%,0%,100.00%,25.54%,67.01%,7.45%,0%,0%,100.00%,44.39%,32.64%,15.14%,7.05%,0.78%,100.00%
Emerald Life,12,5,3,3,1,0,12,4,2,3,1,0,10,1,1,0,0,0,2,0,0,0,0,0,0,2,1,1,0,0,4,3,0,2,1,0,6,0,2,0,0,0,2,0,0,0,0,0,0,0,1,0,0,0,1,1,1,1,0,0,3,0,0,0,0,0,0,4,1,2,1,0,8,0,0,0,0,0,0
Emerald Life weighted,18,7,2,5,2,0,18,5,2,5,2,0,15,2,*,0,0,0,3,0,0,0,0,0,0,2,1,2,0,0,5,6,0,3,2,0,11,0,2,0,0,0,2,0,0,0,0,0,0,0,*,0,0,0,*,2,1,1,0,0,4,0,0,0,0,0,0,5,1,5,2,0,14,0,0,0,0,0,0
Emerald Life percent,,42.38%,13.56%,30.50%,13.56%,0%,100.00%,34.01%,13.99%,36.00%,16.00%,0%,100.00%,88.86%,11.14%,0%,0%,0%,100.00%,0%,0%,0%,0%,0%,0%,37.51%,12.47%,50.02%,0%,0%,100.00%,51.36%,0%,27.02%,21.63%,0%,100.00%,0%,100.00%,0%,0%,0%,100.00%,0%,0%,0%,0%,0%,0%,0%,100.00%,0%,0%,0%,100.00%,66.73%,16.63%,16.63%,0%,0%,100.00%,0%,0%,0%,0%,0%,0%,36.95%,10.87%,34.78%,17.39%,0%,100.00%,0%,0%,0%,0%,0%,0%
Everypaw,41,13,15,9,3,1,41,7,8,4,0,1,20,6,7,5,3,0,21,0,0,0,0,0,0,3,2,1,0,0,6,6,7,3,1,1,18,3,4,2,2,0,11,1,2,3,0,0,6,2,0,0,0,0,2,3,5,3,1,0,12,2,3,1,0,0,6,5,4,3,0,0,12,1,3,2,2,1,9
Everypaw weighted,49,16,21,9,2,*,49,9,9,3,0,*,22,7,12,5,2,0,27,0,0,0,0,0,0,5,2,*,0,0,7,7,8,2,1,*,17,4,7,1,2,0,15,1,4,5,0,0,10,1,0,0,0,0,1,6,7,5,1,0,18,2,4,1,0,0,7,7,5,1,0,0,13,*,5,1,2,*,9
Everypaw percent,,33.54%,43.29%,17.68%,4.88%,0.61%,100.00%,42.47%,41.08%,15.07%,0%,1.37%,100.00%,26.38%,45.07%,19.77%,8.79%,0%,100.00%,0%,0%,0%,0%,0%,0%,66.68%,29.15%,4.17%,0%,0%,100.00%,39.29%,46.43%,8.93%,3.56%,1.79%,100.00%,28.00%,50.00%,9.99%,12.01%,0%,100.00%,8.82%,38.24%,52.93%,0%,0%,100.00%,100.00%,0%,0%,0%,0%,100.00%,31.15%,36.08%,29.50%,3.27%,0%,100.00%,27.28%,59.08%,13.63%,0%,0%,100.00%,53.34%,39.99%,6.67%,0%,0%,100.00%,3.24%,58.05%,16.11%,19.37%,3.24%,100.00%
Frank,1,0,0,1,0,0,1,0,0,0,0,0,0,0,0,1,0,0,1,0,0,0,0,0,0,0,0,0,0,0,0,0,0,0,0,0,0,0,0,0,0,0,0,0,0,1,0,0,1,0,0,0,0,0,0,0,0,0,0,0,0,0,0,0,0,0,0,0,0,0,0,0,0,0,0,1,0,0,1
Frank weighted,2,0,0,2,0,0,2,0,0,0,0,0,0,0,0,2,0,0,2,0,0,0,0,0,0,0,0,0,0,0,0,0,0,0,0,0,0,0,0,0,0,0,0,0,0,2,0,0,2,0,0,0,0,0,0,0,0,0,0,0,0,0,0,0,0,0,0,0,0,0,0,0,0,0,0,2,0,0,2
Frank percent,,0%,0%,100.00%,0%,0%,100.00%,0%,0%,0%,0%,0%,0%,0%,0%,100.00%,0%,0%,100.00%,0%,0%,0%,0%,0%,0%,0%,0%,0%,0%,0%,0%,0%,0%,0%,0%,0%,0%,0%,0%,0%,0%,0%,0%,0%,0%,100.00%,0%,0%,100.00%,0%,0%,0%,0%,0%,0%,0%,0%,0%,0%,0%,0%,0%,0%,0%,0%,0%,0%,0%,0%,0%,0%,0%,0%,0%,0%,100.00%,0%,0%,100.00%
Healthy Pets Insurance,290,95,131,56,5,3,290,41,52,20,4,1,118,54,79,36,1,2,172,0,0,0,0,0,0,18,24,9,0,0,51,41,55,17,1,2,116,25,41,25,3,1,95,11,11,5,1,0,28,10,13,12,0,0,35,16,27,7,0,1,51,25,22,17,1,1,66,21,21,4,0,1,47,23,48,16,4,0,91
Healthy Pets Insurance weighted,367,139,158,58,7,5,367,60,62,19,6,2,150,79,96,40,*,3,217,0,0,0,0,0,0,31,32,10,0,0,73,57,70,17,*,3,147,34,46,30,5,2,116,18,10,2,1,0,31,15,11,13,0,0,40,24,33,7,0,2,66,40,30,16,*,*,86,26,25,2,0,2,55,34,59,21,6,0,120
Healthy Pets Insurance percent,,37.88%,43.01%,15.92%,1.80%,1.39%,100.00%,40.20%,41.39%,12.60%,4.20%,1.60%,100.00%,36.28%,44.13%,18.21%,0.14%,1.24%,100.00%,0%,0%,0%,0%,0%,0%,42.16%,44.62%,13.23%,0%,0%,100.00%,38.77%,47.75%,11.43%,0.20%,1.84%,100.00%,29.12%,39.17%,25.52%,4.12%,2.06%,100.00%,56.19%,31.43%,7.62%,4.76%,0%,100.00%,38.06%,28.36%,33.59%,0%,0%,100.00%,36.07%,50.22%,10.05%,0%,3.65%,100.00%,46.35%,34.84%,18.12%,0.35%,0.35%,100.00%,47.83%,44.55%,3.26%,0%,4.35%,100.00%,28.18%,49.13%,17.46%,5.24%,0%,100.00%
helpucover,58,25,18,15,0,0,58,9,9,7,0,0,25,16,9,8,0,0,33,0,0,0,0,0,0,1,1,1,0,0,3,8,5,7,0,0,20,14,9,2,0,0,25,2,3,5,0,0,10,7,4,1,0,0,12,1,4,2,0,0,7,12,6,4,0,0,22,2,1,1,0,0,4,3,3,7,0,0,13
helpucover weighted,34,19,8,7,0,0,34,8,4,3,0,0,16,11,4,3,0,0,18,0,0,0,0,0,0,*,*,*,0,0,1,7,2,2,0,0,11,10,5,1,0,0,16,2,1,3,0,0,6,6,2,1,0,0,8,*,1,1,0,0,2,10,2,2,0,0,14,2,1,*,0,0,4,2,1,3,0,0,6
helpucover percent,,56.14%,24.57%,19.29%,0%,0%,100.00%,51.87%,27.77%,20.36%,0%,0%,100.00%,59.98%,21.69%,18.34%,0%,0%,100.00%,0%,0%,0%,0%,0%,0%,33.37%,33.32%,33.32%,0%,0%,100.00%,60.51%,18.43%,21.06%,0%,0%,100.00%,64.14%,30.20%,5.65%,0%,0%,100.00%,30.01%,19.99%,49.99%,0%,0%,100.00%,67.88%,25.00%,7.12%,0%,0%,100.00%,14.29%,57.15%,28.56%,0%,0%,100.00%,68.74%,16.69%,14.58%,0%,0%,100.00%,50.01%,41.65%,8.34%,0%,0%,100.00%,26.33%,21.03%,52.64%,0%,0%,100.00%
InsureandGo,6,2,2,2,0,0,6,2,2,1,0,0,5,0,0,1,0,0,1,0,0,0,0,0,0,0,0,1,0,0,1,2,1,0,0,0,3,0,1,1,0,0,2,0,0,0,0,0,0,0,1,1,0,0,2,0,0,1,0,0,1,0,0,0,0,0,0,2,0,0,0,0,2,0,1,0,0,0,1
InsureandGo weighted,10,3,5,3,0,0,10,3,5,*,0,0,8,0,0,2,0,0,2,0,0,0,0,0,0,0,0,2,0,0,2,3,2,0,0,0,5,0,2,*,0,0,3,0,0,0,0,0,0,0,2,*,0,0,3,0,0,2,0,0,2,0,0,0,0,0,0,3,0,0,0,0,3,0,2,0,0,0,2
InsureandGo percent,,28.57%,45.71%,25.72%,0%,0%,100.00%,37.04%,59.25%,3.71%,0%,0%,100.00%,0%,0%,100.00%,0%,0%,100.00%,0%,0%,0%,0%,0%,0%,0%,0%,100.00%,0%,0%,100.00%,55.56%,44.44%,0%,0%,0%,100.00%,0%,88.86%,11.14%,0%,0%,100.00%,0%,0%,0%,0%,0%,0%,0%,88.86%,11.14%,0%,0%,100.00%,0%,0%,100.00%,0%,0%,100.00%,0%,0%,0%,0%,0%,0%,100.00%,0%,0%,0%,0%,100.00%,0%,100.00%,0%,0%,0%,100.00%
InsureYourPaws,19,5,7,6,0,1,19,3,3,3,0,0,9,2,4,3,0,0,9,0,0,0,0,1,1,1,0,0,0,1,2,2,5,3,0,0,10,1,1,3,0,0,5,1,1,0,0,0,2,0,0,2,0,0,2,1,0,0,0,0,1,3,3,1,0,0,7,1,3,2,0,0,6,0,1,1,0,1,3
InsureYourPaws weighted,19,7,9,2,0,1,19,4,4,1,0,0,9,3,5,2,0,0,10,0,0,0,0,1,1,2,0,0,0,1,3,4,6,2,0,0,11,1,2,1,0,0,4,*,1,0,0,0,1,0,0,1,0,0,1,2,0,0,0,0,2,4,4,*,0,0,8,1,3,1,0,0,6,0,1,*,0,1,2
InsureYourPaws percent,,39.07%,45.30%,12.51%,0%,3.12%,100.00%,48.29%,41.34%,10.37%,0%,0%,100.00%,33.33%,51.52%,15.16%,0%,0%,100.00%,0%,0%,0%,0%,100.00%,100.00%,80.05%,0%,0%,0%,19.95%,100.00%,35.14%,51.34%,13.52%,0%,0%,100.00%,21.42%,57.12%,21.47%,0%,0%,100.00%,33.46%,66.54%,0%,0%,0%,100.00%,0%,0%,100.00%,0%,0%,100.00%,100.00%,0%,0%,0%,0%,100.00%,46.17%,49.98%,3.86%,0%,0%,100.00%,25.00%,54.99%,20.01%,0%,0%,100.00%,0%,62.54%,12.52%,0%,24.94%,100.00%
John Lewis,133,55,50,25,3,0,133,30,16,14,1,0,61,25,34,11,2,0,72,0,0,0,0,0,0,17,6,3,0,0,26,18,24,4,1,0,47,10,17,12,1,0,40,10,3,6,1,0,20,5,10,0,1,0,16,14,9,6,0,0,29,9,12,9,1,0,31,20,10,3,1,0,34,7,9,7,0,0,23
John Lewis weighted,156,63,61,29,2,0,156,36,16,16,1,0,69,28,45,13,1,0,87,0,0,0,0,0,0,22,10,3,0,0,35,19,24,6,1,0,49,12,25,18,1,0,55,10,3,2,1,0,16,4,13,0,1,0,18,18,13,8,0,0,39,8,12,10,1,0,31,25,10,3,1,0,38,9,13,8,0,0,30
John Lewis percent,,40.65%,39.31%,18.88%,1.15%,0%,100.00%,51.96%,24.02%,23.15%,0.87%,0%,100.00%,31.72%,51.38%,15.52%,1.38%,0%,100.00%,0%,0%,0%,0%,0%,0%,63.25%,27.35%,9.40%,0%,0%,100.00%,38.04%,48.47%,12.27%,1.22%,0%,100.00%,22.16%,44.33%,32.43%,1.08%,0%,100.00%,62.96%,20.37%,12.97%,3.69%,0%,100.00%,22.97%,73.76%,0%,3.27%,0%,100.00%,45.38%,33.85%,20.77%,0%,0%,100.00%,26.20%,37.88%,33.99%,1.94%,0%,100.00%,65.07%,25.40%,7.94%,1.58%,0%,100.00%,29.30%,44.44%,26.26%,0%,0%,100.00%
Lifetime Pet Cover,74,27,31,16,0,0,74,14,16,12,0,0,42,13,15,3,0,0,31,0,0,1,0,0,1,8,6,1,0,0,15,10,15,8,0,0,33,9,4,6,0,0,19,0,6,1,0,0,7,2,4,2,0,0,8,6,9,2,0,0,17,9,9,5,0,0,23,9,6,4,0,0,19,1,3,3,0,0,7
Lifetime Pet Cover weighted,98,35,47,16,0,0,98,17,22,10,0,0,50,18,25,5,0,0,47,0,0,1,0,0,1,12,12,2,0,0,26,15,23,7,0,0,46,8,6,6,0,0,19,0,6,1,0,0,8,5,6,1,0,0,11,6,13,4,0,0,22,11,11,5,0,0,26,11,10,3,0,0,24,2,7,4,0,0,14
Lifetime Pet Cover percent,,35.37%,47.86%,16.77%,0%,0%,100.00%,34.34%,45.18%,20.48%,0%,0%,100.00%,37.58%,52.23%,10.19%,0%,0%,100.00%,0%,0%,100.00%,0%,0%,100.00%,45.98%,44.83%,9.20%,0%,0%,100.00%,33.55%,51.32%,15.13%,0%,0%,100.00%,39.69%,30.15%,30.16%,0%,0%,100.00%,0%,80.77%,19.23%,0%,0%,100.00%,42.11%,52.62%,5.27%,0%,0%,100.00%,25.67%,56.76%,17.57%,0%,0%,100.00%,40.92%,42.04%,17.05%,0%,0%,100.00%,45.67%,41.98%,12.35%,0%,0%,100.00%,17.02%,51.07%,31.91%,0%,0%,100.00%
LV=,252,90,102,54,5,1,252,34,48,24,2,0,108,56,54,30,3,1,144,0,0,0,0,0,0,7,9,5,1,0,22,28,28,15,2,0,73,38,52,21,1,0,112,17,13,13,1,1,45,22,13,11,0,0,46,21,33,8,1,0,63,23,31,14,1,0,69,6,9,8,0,0,23,18,16,13,3,1,51
LV= weighted,262,112,97,47,4,1,262,41,41,25,3,0,110,71,55,23,2,1,152,0,0,0,0,0,0,13,11,4,1,0,28,31,31,19,3,0,84,46,42,14,*,0,103,22,13,10,*,1,46,27,13,12,0,0,51,31,27,5,*,0,63,28,29,13,1,0,71,5,10,8,0,0,23,21,18,10,3,1,53
LV= percent,,42.73%,36.88%,18.10%,1.72%,0.57%,100.00%,37.33%,37.60%,22.35%,2.72%,0%,100.00%,46.64%,36.36%,15.02%,0.99%,0.99%,100.00%,0%,0%,0%,0%,0%,0%,44.69%,38.30%,13.82%,3.19%,0%,100.00%,36.56%,36.91%,22.95%,3.58%,0%,100.00%,44.93%,40.87%,13.91%,0.29%,0%,100.00%,47.74%,27.10%,21.29%,0.65%,3.23%,100.00%,52.35%,24.71%,22.94%,0%,0%,100.00%,48.82%,42.18%,8.53%,0.47%,0%,100.00%,39.41%,41.53%,17.79%,1.27%,0%,100.00%,23.08%,43.57%,33.35%,0%,0%,100.00%,39.33%,33.14%,18.54%,6.18%,2.81%,100.00%
Marks & Spencer,135,43,54,33,4,1,135,20,25,15,0,0,60,23,29,18,4,1,75,0,0,0,0,0,0,9,9,1,0,0,19,12,12,12,4,1,41,14,22,14,0,0,50,8,11,6,0,0,25,10,12,13,2,0,37,10,16,8,0,0,34,3,5,1,0,0,9,9,5,4,0,0,18,11,16,7,2,1,37
Marks & Spencer weighted,125,37,47,37,3,*,125,16,20,17,0,0,53,20,28,20,3,*,72,0,0,0,0,0,0,8,10,1,0,0,18,9,14,11,3,*,38,10,19,22,0,0,51,9,5,4,0,0,18,11,10,14,1,0,37,8,16,9,0,0,33,2,5,1,0,0,8,9,4,4,0,0,16,7,12,8,2,*,30
Marks & Spencer percent,,29.57%,37.98%,29.57%,2.64%,0.24%,100.00%,31.07%,37.29%,31.64%,0%,0%,100.00%,28.45%,38.49%,28.03%,4.60%,0.42%,100.00%,0%,0%,0%,0%,0%,0%,42.62%,52.46%,4.92%,0%,0%,100.00%,24.61%,37.29%,28.57%,8.73%,0.79%,100.00%,20.58%,37.06%,42.35%,0%,0%,100.00%,52.56%,27.10%,20.34%,0%,0%,100.00%,29.84%,27.41%,38.72%,4.03%,0%,100.00%,22.94%,49.54%,27.53%,0%,0%,100.00%,25.01%,57.14%,17.85%,0%,0%,100.00%,52.73%,25.45%,21.82%,0%,0%,100.00%,25.00%,39.99%,28.00%,6.01%,1.00%,100.00%
More Than,375,136,162,62,15,0,375,49,53,23,9,0,134,87,107,39,6,0,239,0,2,0,0,0,2,17,13,7,1,0,38,34,49,15,0,0,98,60,76,31,13,0,180,25,24,9,1,0,59,26,35,10,5,0,76,39,35,17,2,0,93,27,43,20,3,0,93,5,23,10,0,0,38,39,26,5,5,0,75
More Than weighted,390,157,160,61,12,0,390,56,55,20,7,0,138,101,104,40,5,0,250,0,2,0,0,0,2,25,14,8,1,0,48,42,51,19,0,0,112,65,72,28,10,0,176,25,24,6,*,0,55,28,35,12,4,0,80,49,35,18,2,0,104,31,47,15,1,0,94,6,19,8,0,0,33,43,24,8,5,0,79
More Than percent,,40.36%,41.04%,15.60%,3.00%,0%,100.00%,40.87%,39.56%,14.78%,4.79%,0%,100.00%,40.36%,41.44%,16.17%,2.04%,0%,100.00%,0%,100.00%,0%,0%,0%,100.00%,52.51%,28.74%,16.87%,1.88%,0%,100.00%,37.63%,45.43%,16.94%,0%,0%,100.00%,37.03%,40.95%,16.04%,5.97%,0%,100.00%,45.89%,43.17%,10.39%,0.55%,0%,100.00%,35.33%,44.36%,15.04%,5.27%,0%,100.00%,47.11%,33.53%,17.63%,1.73%,0%,100.00%,33.23%,49.83%,15.97%,0.96%,0%,100.00%,18.02%,58.54%,23.44%,0%,0%,100.00%,54.34%,29.82%,9.81%,6.03%,0%,100.00%
Natwest,33,14,14,4,0,1,33,10,9,4,0,1,24,4,5,0,0,0,9,0,0,0,0,0,0,3,5,1,0,0,9,8,6,2,0,1,17,3,3,1,0,0,7,0,0,0,0,0,0,1,0,0,0,0,1,5,3,0,0,0,8,1,2,2,0,0,5,6,4,2,0,0,12,1,5,0,0,1,7
Natwest weighted,37,17,17,3,0,*,37,11,13,3,0,*,27,6,5,0,0,0,10,0,0,0,0,0,0,3,5,*,0,0,8,8,9,1,0,*,18,5,4,1,0,0,10,0,0,0,0,0,0,1,0,0,0,0,1,6,4,0,0,0,11,2,2,2,0,0,7,5,8,1,0,0,13,2,2,0,0,*,5
Natwest percent,,45.15%,45.97%,8.07%,0%,0.81%,100.00%,40.45%,47.18%,11.24%,0%,1.13%,100.00%,57.12%,42.88%,0%,0%,0%,100.00%,0%,0%,0%,0%,0%,0%,39.28%,57.14%,3.58%,0%,0%,100.00%,44.24%,47.55%,6.56%,0%,1.64%,100.00%,51.44%,34.27%,14.29%,0%,0%,100.00%,0%,0%,0%,0%,0%,0%,100.00%,0%,0%,0%,0%,100.00%,58.34%,41.66%,0%,0%,0%,100.00%,33.33%,33.33%,33.33%,0%,0%,100.00%,37.75%,57.80%,4.45%,0%,0%,100.00%,47.09%,47.01%,0%,0%,5.90%,100.00%
NFU Mutual,62,39,20,3,0,0,62,15,8,2,0,0,25,24,12,1,0,0,37,0,0,0,0,0,0,3,2,0,0,0,5,6,12,1,0,0,19,22,3,2,0,0,27,8,3,0,0,0,11,2,3,0,0,0,5,10,8,0,0,0,18,14,7,2,0,0,23,3,1,1,0,0,5,10,1,0,0,0,11
NFU Mutual weighted,67,49,15,2,0,0,67,16,5,2,0,0,23,33,11,*,0,0,44,0,0,0,0,0,0,4,3,0,0,0,7,7,6,*,0,0,13,28,5,2,0,0,35,10,1,0,0,0,11,3,5,0,0,0,9,12,6,0,0,0,18,16,4,2,0,0,22,5,*,*,0,0,6,13,*,0,0,0,13
NFU Mutual percent,,73.98%,22.88%,3.14%,0%,0%,100.00%,72.35%,19.75%,7.90%,0%,0%,100.00%,74.83%,24.49%,0.68%,0%,0%,100.00%,0%,0%,0%,0%,0%,0%,60.01%,39.99%,0%,0%,0%,100.00%,52.26%,45.46%,2.28%,0%,0%,100.00%,79.66%,15.26%,5.09%,0%,0%,100.00%,91.65%,8.35%,0%,0%,0%,100.00%,37.94%,62.06%,0%,0%,0%,100.00%,67.79%,32.21%,0%,0%,0%,100.00%,74.98%,16.68%,8.34%,0%,0%,100.00%,89.98%,5.01%,5.01%,0%,0%,100.00%,97.67%,2.33%,0%,0%,0%,100.00%
Only Pets cover limited,16,7,5,4,0,0,16,3,3,3,0,0,9,4,2,1,0,0,7,0,0,0,0,0,0,1,2,1,0,0,4,6,2,1,0,0,9,0,1,0,0,0,1,0,0,2,0,0,2,2,0,1,0,0,3,2,1,0,0,0,3,0,0,1,0,0,1,2,2,1,0,0,5,1,2,1,0,0,4
Only Pets cover limited weighted,27,13,7,7,0,0,27,5,5,4,0,0,14,8,2,2,0,0,13,0,0,0,0,0,0,2,2,1,0,0,6,10,2,1,0,0,14,0,2,0,0,0,2,0,0,4,0,0,4,5,0,1,0,0,6,3,1,0,0,0,5,0,0,1,0,0,1,3,3,1,0,0,8,1,2,2,0,0,6
Only Pets cover limited percent,,47.19%,26.97%,25.84%,0%,0%,100.00%,34.04%,34.04%,31.92%,0%,0%,100.00%,61.91%,19.05%,19.05%,0%,0%,100.00%,0%,0%,0%,0%,0%,0%,38.09%,38.09%,23.81%,0%,0%,100.00%,72.34%,17.02%,10.64%,0%,0%,100.00%,0%,100.00%,0%,0%,0%,100.00%,0%,0%,100.00%,0%,0%,100.00%,76.19%,0%,23.81%,0%,0%,100.00%,68.75%,31.25%,0%,0%,0%,100.00%,0%,0%,100.00%,0%,0%,100.00%,38.46%,42.30%,19.23%,0%,0%,100.00%,23.81%,38.09%,38.09%,0%,0%,100.00%
PDSA,157,61,56,38,2,0,157,27,16,24,0,0,67,34,40,14,2,0,90,0,0,0,0,0,0,6,5,3,0,0,14,13,17,11,1,0,42,35,23,17,1,0,76,7,11,7,0,0,25,20,20,6,1,0,47,17,21,4,1,0,43,13,7,3,0,0,23,2,2,22,0,0,26,9,6,3,0,0,18
PDSA weighted,189,85,60,42,2,0,189,44,19,24,0,0,88,40,41,18,2,0,101,0,0,0,0,0,0,8,8,3,0,0,19,22,14,8,1,0,45,43,23,25,1,0,93,11,14,6,0,0,31,25,23,10,1,0,58,29,24,2,1,0,56,18,5,3,0,0,26,3,3,24,0,0,30,10,6,3,0,0,19
PDSA percent,,44.76%,31.75%,22.38%,1.11%,0%,100.00%,50.34%,21.92%,27.74%,0%,0%,100.00%,39.94%,40.24%,17.75%,2.07%,0%,100.00%,0%,0%,0%,0%,0%,0%,41.54%,43.07%,15.39%,0%,0%,100.00%,50.00%,31.34%,17.33%,1.33%,0%,100.00%,46.30%,24.76%,27.33%,1.61%,0%,100.00%,34.62%,46.15%,19.23%,0%,0%,100.00%,42.05%,38.98%,16.41%,2.56%,0%,100.00%,52.42%,42.24%,4.27%,1.07%,0%,100.00%,70.92%,18.61%,10.47%,0%,0%,100.00%,9.09%,9.09%,81.82%,0%,0%,100.00%,50.78%,31.75%,17.47%,0%,0%,100.00%
Perfect Pet insurance,69,26,23,17,2,1,69,10,10,8,0,0,28,16,13,9,2,1,41,0,0,0,0,0,0,2,6,2,0,1,11,12,8,4,2,0,26,11,7,9,0,0,27,1,2,2,0,0,5,1,3,2,0,1,7,7,5,2,0,0,14,8,7,7,1,0,23,3,3,1,0,0,7,7,5,5,1,0,18
Perfect Pet insurance weighted,95,34,34,22,5,1,95,14,17,8,0,0,39,20,17,13,5,1,56,0,0,0,0,0,0,2,10,3,0,1,16,17,13,4,5,0,39,13,9,10,0,0,32,1,2,4,0,0,7,2,3,1,0,1,8,10,8,5,0,0,23,7,13,8,2,0,31,5,4,1,0,0,11,9,6,6,2,0,23
Perfect Pet insurance percent,,35.33%,35.96%,22.71%,5.05%,0.95%,100.00%,35.65%,43.42%,20.93%,0%,0%,100.00%,35.11%,30.85%,23.93%,8.51%,1.60%,100.00%,0%,0%,0%,0%,0%,0%,12.72%,63.65%,18.17%,0%,5.46%,100.00%,43.51%,32.83%,11.45%,12.21%,0%,100.00%,40.18%,28.04%,31.78%,0%,0%,100.00%,20.83%,25.01%,54.16%,0%,0%,100.00%,30.76%,42.31%,15.39%,0%,11.53%,100.00%,42.10%,36.85%,21.05%,0%,0%,100.00%,22.55%,42.16%,27.45%,7.84%,0%,100.00%,49.99%,36.12%,13.89%,0%,0%,100.00%,40.26%,24.67%,24.67%,10.39%,0%,100.00%
Petguard,34,14,11,8,0,1,34,9,7,4,0,0,20,4,4,4,0,1,13,1,0,0,0,0,1,4,4,2,0,0,10,4,5,1,0,1,11,3,2,4,0,0,9,3,0,1,0,0,4,2,0,3,0,0,5,5,3,2,0,1,11,3,0,1,0,0,4,3,6,1,0,0,10,1,2,1,0,0,4
Petguard weighted,37,12,15,8,0,2,37,7,11,5,0,0,23,2,4,3,0,2,11,2,0,0,0,0,2,4,8,2,0,0,13,3,4,1,0,2,10,4,3,4,0,0,10,1,0,2,0,0,3,3,0,5,0,0,8,5,3,1,0,2,11,2,0,*,0,0,2,2,11,*,0,0,13,*,1,1,0,0,3
Petguard percent,,31.46%,39.51%,22.58%,0%,6.45%,100.00%,30.78%,46.14%,23.08%,0%,0%,100.00%,18.43%,34.21%,26.30%,0%,21.06%,100.00%,100.00%,0%,0%,0%,0%,100.00%,28.89%,57.77%,13.34%,0%,0%,100.00%,27.28%,42.42%,6.05%,0%,24.26%,100.00%,40.00%,25.71%,34.28%,0%,0%,100.00%,27.33%,0%,72.67%,0%,0%,100.00%,34.62%,0%,65.38%,0%,0%,100.00%,42.13%,26.32%,10.50%,0%,21.05%,100.00%,83.30%,0%,16.70%,0%,0%,100.00%,17.77%,80.00%,2.23%,0%,0%,100.00%,11.14%,33.29%,55.57%,0%,0%,100.00%
Pet Protect,188,50,88,45,3,2,188,22,48,29,3,1,103,28,40,16,0,1,85,0,0,0,0,0,0,8,13,4,0,0,25,21,33,14,1,1,70,17,31,24,2,1,75,4,11,3,0,0,18,5,9,6,0,0,20,7,20,7,0,0,34,16,24,15,1,2,58,9,12,8,1,0,30,13,23,9,1,0,46
Pet Protect weighted,226,68,107,44,4,3,226,31,54,29,4,1,119,37,54,14,0,1,107,0,0,0,0,0,0,13,19,4,0,0,35,26,44,17,1,1,90,22,30,22,3,1,79,6,14,1,0,0,22,8,12,9,0,0,29,11,32,10,0,0,53,21,33,16,1,3,73,10,13,3,2,0,29,17,17,6,*,0,41
Pet Protect percent,,30.05%,47.61%,19.41%,1.60%,1.33%,100.00%,25.76%,45.20%,24.74%,3.03%,1.26%,100.00%,34.83%,50.28%,13.48%,0%,1.40%,100.00%,0%,0%,0%,0%,0%,0%,36.75%,52.99%,10.25%,0%,0%,100.00%,29.33%,49.00%,19.00%,1.00%,1.67%,100.00%,28.52%,38.40%,27.75%,3.42%,1.90%,100.00%,27.78%,66.67%,5.55%,0%,0%,100.00%,26.81%,41.22%,31.97%,0%,0%,100.00%,21.02%,60.23%,18.75%,0%,0%,100.00%,28.58%,44.90%,21.22%,1.22%,4.08%,100.00%,36.07%,45.37%,10.31%,8.25%,0%,100.00%,42.34%,42.34%,14.59%,0.73%,0%,100.00%
Pet-ID Microchips,35,15,14,5,1,0,35,7,3,3,0,0,13,8,11,2,1,0,22,0,0,0,0,0,0,4,1,0,0,0,5,3,8,0,0,0,11,7,3,3,1,0,14,1,2,2,0,0,5,0,0,0,1,0,1,1,4,0,0,0,5,3,4,1,0,0,8,7,3,2,0,0,12,4,3,2,0,0,9
Pet-ID Microchips weighted,31,11,14,5,*,0,31,6,2,3,0,0,11,5,12,2,*,0,20,0,0,0,0,0,0,5,1,0,0,0,6,3,8,0,0,0,11,3,3,2,*,0,9,1,1,2,0,0,4,0,0,0,*,0,*,*,6,0,0,0,6,2,2,1,0,0,6,7,1,1,0,0,10,2,4,2,0,0,8
Pet-ID Microchips percent,,37.25%,46.08%,15.68%,0.98%,0%,100.00%,56.76%,16.22%,27.03%,0%,0%,100.00%,26.16%,63.07%,9.23%,1.54%,0%,100.00%,0%,0%,0%,0%,0%,0%,76.19%,23.81%,0%,0%,0%,100.00%,27.02%,72.98%,0%,0%,0%,100.00%,31.04%,37.94%,27.56%,3.46%,0%,100.00%,19.99%,26.68%,53.33%,0%,0%,100.00%,0%,0%,0%,100.00%,0%,100.00%,4.77%,95.23%,0%,0%,0%,100.00%,42.09%,42.13%,15.79%,0%,0%,100.00%,70.61%,14.69%,14.70%,0%,0%,100.00%,18.52%,51.85%,29.62%,0%,0%,100.00%
Pet-Insurance.co.uk,111,34,40,35,2,0,111,11,15,22,2,0,50,23,25,13,0,0,61,0,0,0,0,0,0,9,5,4,0,0,18,11,19,11,1,0,42,10,11,12,0,0,33,4,5,8,1,0,18,2,3,4,0,0,9,8,7,6,0,0,21,9,12,10,1,0,32,6,9,5,0,0,20,9,9,10,1,0,29
Pet-Insurance.co.uk weighted,159,48,60,48,3,0,159,17,23,27,3,0,70,31,37,21,0,0,89,0,0,0,0,0,0,15,9,7,0,0,32,15,33,14,*,0,63,12,15,18,0,0,45,5,3,9,2,0,20,3,6,5,0,0,13,14,11,12,0,0,37,13,16,17,2,0,48,8,16,4,0,0,28,11,11,11,*,0,34
Pet-Insurance.co.uk percent,,30.32%,37.85%,30.13%,1.70%,0%,100.00%,24.36%,32.91%,38.89%,3.85%,0%,100.00%,35.02%,41.74%,23.23%,0%,0%,100.00%,0%,0%,0%,0%,0%,0%,47.66%,28.97%,23.36%,0%,0%,100.00%,24.40%,52.63%,22.49%,0.48%,0%,100.00%,27.33%,33.33%,39.34%,0%,0%,100.00%,27.69%,15.38%,44.62%,12.31%,0%,100.00%,20.00%,46.66%,33.34%,0%,0%,100.00%,37.40%,30.89%,31.71%,0%,0%,100.00%,26.42%,33.33%,35.22%,5.03%,0%,100.00%,30.44%,56.51%,13.05%,0%,0%,100.00%,32.14%,33.04%,33.93%,0.89%,0%,100.00%
Petplan,2519,1040,1027,394,42,16,2519,447,447,188,16,2,1100,593,577,206,26,14,1416,0,3,0,0,0,3,114,116,25,4,3,262,311,340,124,14,5,794,438,427,175,15,5,1060,177,143,70,9,3,402,163,127,54,7,3,354,282,272,100,16,6,676,270,262,84,7,1,624,72,118,52,7,3,252,253,247,104,5,3,612
Petplan weighted,2783,1197,1135,394,40,16,2783,494,497,191,22,3,1207,703,633,203,19,14,1571,0,5,0,0,0,5,156,129,25,2,3,314,348,415,129,14,7,914,504,453,162,14,3,1135,189,135,79,11,4,418,191,154,57,5,3,410,332,300,94,17,7,750,296,299,91,6,1,693,96,117,39,7,3,261,283,262,113,5,3,667
Petplan percent,,43.02%,40.77%,14.16%,1.46%,0.59%,100.00%,40.93%,41.20%,15.85%,1.79%,0.22%,100.00%,44.76%,40.26%,12.90%,1.20%,0.88%,100.00%,0%,100.00%,0%,0%,0%,100.00%,49.71%,40.93%,7.92%,0.57%,0.86%,100.00%,38.12%,45.47%,14.12%,1.54%,0.76%,100.00%,44.36%,39.92%,14.24%,1.22%,0.26%,100.00%,45.33%,32.33%,18.82%,2.59%,0.93%,100.00%,46.56%,37.63%,13.84%,1.32%,0.66%,100.00%,44.28%,40.04%,12.48%,2.28%,0.92%,100.00%,42.65%,43.12%,13.19%,0.91%,0.13%,100.00%,36.78%,44.71%,14.94%,2.53%,1.03%,100.00%,42.42%,39.32%,17.00%,0.76%,0.49%,100.00%
Pets in a Pickle,42,13,17,10,1,1,42,6,11,5,0,1,23,7,6,5,0,0,18,0,0,0,1,0,1,4,6,2,1,0,13,2,6,5,0,1,14,7,4,1,0,0,12,0,1,2,0,0,3,2,0,1,0,1,4,2,4,1,0,0,7,2,4,3,0,0,9,2,5,3,1,0,11,5,4,2,0,0,11
Pets in a Pickle weighted,70,16,31,18,2,2,70,10,20,9,0,2,42,7,11,8,0,0,26,0,0,0,2,0,2,4,11,5,2,0,22,2,12,9,0,2,25,10,6,1,0,0,17,0,2,3,0,0,5,3,0,1,0,2,6,5,9,2,0,0,16,1,7,4,0,0,13,1,9,6,2,0,19,7,6,4,0,0,16
Pets in a Pickle percent,,23.50%,44.45%,25.21%,3.42%,3.42%,100.00%,23.57%,48.57%,22.14%,0%,5.71%,100.00%,25.57%,41.87%,32.56%,0%,0%,100.00%,0%,0%,0%,100.00%,0%,100.00%,18.91%,48.65%,21.63%,10.81%,0%,100.00%,7.15%,46.43%,36.90%,0%,9.52%,100.00%,60.35%,36.21%,3.44%,0%,0%,100.00%,0%,44.44%,55.56%,0%,0%,100.00%,50.02%,0%,9.97%,0%,40.01%,100.00%,30.19%,54.72%,15.09%,0%,0%,100.00%,9.28%,55.83%,34.90%,0%,0%,100.00%,4.76%,49.21%,33.33%,12.70%,0%,100.00%,40.01%,36.36%,23.64%,0%,0%,100.00%
Petwise Insurance,11,4,4,2,1,0,11,1,4,1,1,0,7,3,0,1,0,0,4,0,0,0,0,0,0,0,0,0,0,0,0,0,1,1,0,0,2,2,3,1,1,0,7,2,0,0,0,0,2,0,2,0,0,0,2,2,0,0,1,0,3,2,1,0,0,0,3,0,1,2,0,0,3,0,0,0,0,0,0
Petwise Insurance weighted,10,3,5,1,1,0,10,*,5,1,1,0,6,3,0,*,0,0,3,0,0,0,0,0,0,0,0,0,0,0,0,0,*,1,0,0,1,3,4,*,1,0,8,1,0,0,0,0,1,0,4,0,0,0,4,3,0,0,1,0,4,1,*,0,0,0,1,0,*,1,0,0,1,0,0,0,0,0,0
Petwise Insurance percent,,34.39%,46.88%,9.36%,9.37%,0%,100.00%,4.77%,71.45%,9.49%,14.28%,0%,100.00%,90.89%,0%,9.11%,0%,0%,100.00%,0%,0%,0%,0%,0%,0%,0%,0%,0%,0%,0%,0%,0%,33.46%,66.54%,0%,0%,100.00%,33.33%,51.85%,3.71%,11.11%,0%,100.00%,100.00%,0%,0%,0%,0%,100.00%,0%,100.00%,0%,0%,0%,100.00%,75.01%,0%,0%,24.99%,0%,100.00%,66.65%,33.35%,0%,0%,0%,100.00%,0%,25.07%,74.93%,0%,0%,100.00%,0%,0%,0%,0%,0%,0%
Post Office Money,24,13,11,0,0,0,24,4,3,0,0,0,7,9,8,0,0,0,17,0,0,0,0,0,0,0,2,0,0,0,2,6,3,0,0,0,9,7,6,0,0,0,13,0,0,0,0,0,0,0,3,0,0,0,3,1,3,0,0,0,4,2,2,0,0,0,4,1,2,0,0,0,3,9,1,0,0,0,10
Post Office Money weighted,24,13,12,0,0,0,24,5,3,0,0,0,8,8,8,0,0,0,16,0,0,0,0,0,0,0,5,0,0,0,5,7,3,0,0,0,11,5,4,0,0,0,9,0,0,0,0,0,0,0,3,0,0,0,3,1,1,0,0,0,2,2,1,0,0,0,3,1,5,0,0,0,6,9,1,0,0,0,10
Post Office Money percent,,51.85%,48.15%,0%,0%,0%,100.00%,59.26%,40.74%,0%,0%,0%,100.00%,48.15%,51.85%,0%,0%,0%,100.00%,0%,0%,0%,0%,0%,0%,0%,100.00%,0%,0%,0%,100.00%,69.44%,30.56%,0%,0%,0%,100.00%,58.64%,41.36%,0%,0%,0%,100.00%,0%,0%,0%,0%,0%,0%,0%,100.00%,0%,0%,0%,100.00%,33.28%,66.72%,0%,0%,0%,100.00%,66.70%,33.30%,0%,0%,0%,100.00%,23.81%,76.19%,0%,0%,0%,100.00%,85.29%,14.71%,0%,0%,0%,100.00%
Puffin Insurance,9,4,3,1,1,0,9,3,2,1,0,0,6,1,1,0,1,0,3,0,0,0,0,0,0,1,1,0,1,0,3,1,1,1,0,0,3,1,0,0,0,0,1,1,1,0,0,0,2,1,1,1,1,0,4,0,0,0,0,0,0,0,2,0,0,0,2,1,0,0,0,0,1,2,0,0,0,0,2
Puffin Insurance weighted,11,6,4,1,1,0,11,4,3,1,0,0,8,1,1,0,1,0,3,0,0,0,0,0,0,1,1,0,1,0,2,1,2,1,0,0,4,1,0,0,0,0,1,2,1,0,0,0,3,1,1,1,1,0,4,0,0,0,0,0,0,0,3,0,0,0,3,1,0,0,0,0,1,3,0,0,0,0,3
Puffin Insurance percent,,52.64%,34.21%,5.25%,7.90%,0%,100.00%,53.57%,39.30%,7.12%,0%,0%,100.00%,50.03%,19.95%,0%,30.01%,0%,100.00%,0%,0%,0%,0%,0%,0%,28.54%,28.54%,0%,42.93%,0%,100.00%,33.35%,53.35%,13.30%,0%,0%,100.00%,100.00%,0%,0%,0%,0%,100.00%,72.73%,27.27%,0%,0%,0%,100.00%,41.71%,16.63%,16.63%,25.02%,0%,100.00%,0%,0%,0%,0%,0%,0%,0%,100.00%,0%,0%,0%,100.00%,100.00%,0%,0%,0%,0%,100.00%,100.00%,0%,0%,0%,0%,100.00%
Purely Pets,91,30,40,16,4,1,91,12,9,8,2,1,32,18,30,8,2,0,58,0,1,0,0,0,1,9,4,1,0,0,14,11,12,3,2,0,28,9,10,10,2,1,32,1,14,2,0,0,17,9,3,1,1,1,15,3,10,5,2,0,20,8,12,4,0,0,24,3,1,2,0,0,6,7,14,4,1,0,26
Purely Pets weighted,121,50,44,20,6,1,121,23,10,9,4,1,47,27,33,11,2,0,73,0,1,0,0,0,1,14,7,2,0,0,23,17,11,4,2,0,36,16,13,9,4,1,43,2,13,4,0,0,19,14,3,1,1,1,21,7,9,7,3,0,27,12,16,5,0,0,33,6,1,2,0,0,10,11,14,4,2,0,31
Purely Pets percent,,40.99%,36.05%,16.54%,5.19%,1.23%,100.00%,48.41%,20.38%,19.75%,8.28%,3.19%,100.00%,37.03%,44.86%,14.81%,3.29%,0%,100.00%,0%,100.00%,0%,0%,0%,100.00%,61.54%,28.21%,10.26%,0%,0%,100.00%,48.74%,31.94%,12.60%,6.72%,0%,100.00%,35.86%,30.35%,21.38%,8.97%,3.45%,100.00%,12.70%,66.67%,20.63%,0%,0%,100.00%,66.67%,14.48%,7.25%,4.35%,7.25%,100.00%,26.97%,34.83%,26.96%,11.24%,0%,100.00%,35.45%,49.10%,15.46%,0%,0%,100.00%,65.62%,15.62%,18.76%,0%,0%,100.00%,34.28%,43.82%,14.28%,7.62%,0%,100.00%
Royal Bank of Scotland,22,6,9,7,0,0,22,5,5,4,0,0,14,1,4,3,0,0,8,0,0,0,0,0,0,1,3,3,0,0,7,5,5,3,0,0,13,0,1,1,0,0,2,0,0,0,0,0,0,1,3,1,0,0,5,0,0,4,0,0,4,0,0,2,0,0,2,5,6,0,0,0,11,0,0,0,0,0,0
Royal Bank of Scotland weighted,29,9,10,10,0,0,29,8,7,6,0,0,21,*,4,4,0,0,7,0,0,0,0,0,0,2,4,4,0,0,10,6,4,4,0,0,15,0,2,1,0,0,4,0,0,0,0,0,0,2,4,1,0,0,7,0,0,7,0,0,7,0,0,1,0,0,1,6,7,0,0,0,13,0,0,0,0,0,0
Royal Bank of Scotland percent,,30.22%,35.41%,34.37%,0%,0%,100.00%,39.45%,30.98%,29.57%,0%,0%,100.00%,4.01%,48.00%,47.99%,0%,0%,100.00%,0%,0%,0%,0%,0%,0%,24.26%,36.35%,39.40%,0%,0%,100.00%,42.01%,28.00%,29.99%,0%,0%,100.00%,0%,61.54%,38.46%,0%,0%,100.00%,0%,0%,0%,0%,0%,0%,32.01%,47.97%,20.01%,0%,0%,100.00%,0%,0%,100.00%,0%,0%,100.00%,0%,0%,100.00%,0%,0%,100.00%,48.84%,51.16%,0%,0%,0%,100.00%,0%,0%,0%,0%,0%,0%
RSPCA,36,17,13,5,0,1,36,9,6,4,0,1,20,8,7,1,0,0,16,0,0,0,0,0,0,7,7,0,0,0,14,6,0,4,0,0,10,3,6,1,0,1,11,1,0,0,0,0,1,1,2,1,0,0,4,7,3,4,0,0,14,7,0,0,0,0,7,0,2,0,0,1,3,2,6,0,0,0,8
RSPCA weighted,43,25,15,2,0,1,43,13,8,2,0,1,24,12,7,*,0,0,19,0,0,0,0,0,0,11,9,0,0,0,20,7,0,2,0,0,9,4,6,1,0,1,12,2,0,0,0,0,2,1,2,*,0,0,3,10,4,2,0,0,16,11,0,0,0,0,11,0,3,0,0,1,5,3,6,0,0,0,9
RSPCA percent,,57.24%,33.80%,5.52%,0%,3.45%,100.00%,53.09%,32.10%,8.64%,0%,6.17%,100.00%,62.48%,35.95%,1.56%,0%,0%,100.00%,0%,0%,0%,0%,0%,0%,55.87%,44.13%,0%,0%,0%,100.00%,83.33%,0%,16.67%,0%,0%,100.00%,30.76%,48.73%,7.69%,0%,12.82%,100.00%,100.00%,0%,0%,0%,0%,100.00%,22.16%,66.71%,11.13%,0%,0%,100.00%,63.47%,23.07%,13.46%,0%,0%,100.00%,100.00%,0%,0%,0%,0%,100.00%,0%,68.75%,0%,0%,31.25%,100.00%,33.31%,66.69%,0%,0%,0%,100.00%
Saga,38,10,19,9,0,0,38,5,13,6,0,0,24,5,6,3,0,0,14,0,0,0,0,0,0,1,1,0,0,0,2,1,4,1,0,0,6,4,3,2,0,0,9,4,11,6,0,0,21,3,3,1,0,0,7,3,5,2,0,0,10,0,5,2,0,0,7,2,1,1,0,0,4,2,5,3,0,0,10
Saga weighted,40,8,23,9,0,0,40,5,14,6,0,0,25,2,9,3,0,0,15,0,0,0,0,0,0,1,1,0,0,0,1,2,6,1,0,0,9,2,4,4,0,0,10,3,12,4,0,0,19,2,4,1,0,0,7,3,7,1,0,0,11,0,7,2,0,0,9,2,*,*,0,0,3,1,4,4,0,0,10
Saga percent,,19.55%,57.14%,23.31%,0%,0%,100.00%,21.43%,53.57%,25.00%,0%,0%,100.00%,16.33%,63.27%,20.40%,0%,0%,100.00%,0%,0%,0%,0%,0%,0%,39.93%,60.07%,0%,0%,0%,100.00%,25.81%,64.52%,9.68%,0%,0%,100.00%,18.20%,42.42%,39.39%,0%,0%,100.00%,15.63%,60.94%,23.43%,0%,0%,100.00%,20.84%,58.33%,20.83%,0%,0%,100.00%,26.33%,60.53%,13.14%,0%,0%,100.00%,0%,80.00%,20.00%,0%,0%,100.00%,77.73%,11.13%,11.14%,0%,0%,100.00%,12.50%,43.75%,43.75%,0%,0%,100.00%
Sainsbury's,341,122,154,52,10,3,341,52,66,17,4,1,140,70,88,35,6,2,201,0,0,0,0,0,0,12,22,0,1,0,35,39,61,16,3,1,120,42,49,22,4,1,118,29,22,14,2,1,68,20,10,9,1,1,41,30,27,8,3,0,68,23,51,11,2,2,89,16,18,4,0,0,38,33,48,20,4,0,105
Sainsbury's weighted,392,143,170,62,11,5,392,72,72,22,7,2,176,71,98,40,4,3,216,0,0,0,0,0,0,17,28,0,2,0,48,50,68,18,3,2,142,51,54,27,4,2,138,25,19,17,2,*,64,19,10,10,2,2,45,35,26,10,4,0,76,25,55,11,3,3,97,25,28,3,0,0,56,37,50,28,2,0,118
Sainsbury's percent,,36.50%,43.46%,15.84%,2.91%,1.30%,100.00%,40.96%,40.96%,12.80%,3.92%,1.37%,100.00%,32.87%,45.49%,18.31%,2.08%,1.25%,100.00%,0%,0%,0%,0%,0%,0%,35.62%,59.38%,0%,5.00%,0%,100.00%,35.24%,48.10%,12.66%,2.32%,1.69%,100.00%,36.82%,39.22%,19.39%,2.83%,1.74%,100.00%,39.25%,30.37%,27.11%,2.81%,0.47%,100.00%,43.63%,23.49%,22.14%,5.37%,5.37%,100.00%,46.83%,34.91%,12.70%,5.56%,0%,100.00%,26.23%,56.49%,11.73%,2.78%,2.78%,100.00%,44.68%,50.00%,5.32%,0%,0%,100.00%,31.73%,42.64%,23.86%,1.77%,0%,100.00%
Scottish Pet Insurance,9,5,2,2,0,0,9,3,2,1,0,0,6,2,0,1,0,0,3,0,0,0,0,0,0,3,1,0,0,0,4,2,1,1,0,0,4,0,0,1,0,0,1,0,0,0,0,0,0,2,0,0,0,0,2,0,1,0,0,0,1,1,0,1,0,0,2,2,1,0,0,0,3,0,0,1,0,0,1
Scottish Pet Insurance weighted,12,9,1,2,0,0,12,4,1,1,0,0,7,5,0,*,0,0,5,0,0,0,0,0,0,6,*,0,0,0,7,2,1,1,0,0,5,0,0,*,0,0,*,0,0,0,0,0,0,4,0,0,0,0,4,0,1,0,0,0,1,2,0,*,0,0,3,2,*,0,0,0,3,0,0,1,0,0,1
Scottish Pet Insurance percent,,74.35%,10.26%,15.39%,0%,0%,100.00%,59.09%,18.18%,22.73%,0%,0%,100.00%,94.11%,0%,5.89%,0%,0%,100.00%,0%,0%,0%,0%,0%,0%,95.45%,4.55%,0%,0%,0%,100.00%,50.00%,18.75%,31.25%,0%,0%,100.00%,0%,0%,100.00%,0%,0%,100.00%,0%,0%,0%,0%,0%,0%,100.00%,0%,0%,0%,0%,100.00%,0%,100.00%,0%,0%,0%,100.00%,88.88%,0%,11.12%,0%,0%,100.00%,88.88%,11.12%,0%,0%,0%,100.00%,0%,0%,100.00%,0%,0%,100.00%
Scratch & Patch,23,8,11,4,0,0,23,1,3,3,0,0,7,7,8,1,0,0,16,0,0,0,0,0,0,1,1,0,0,0,2,6,2,0,0,0,8,1,5,4,0,0,10,0,3,0,0,0,3,1,3,0,0,0,4,0,2,1,0,0,3,3,3,0,0,0,6,0,0,1,0,0,1,4,3,2,0,0,9
Scratch & Patch weighted,29,8,15,5,0,0,29,2,2,3,0,0,7,6,14,2,0,0,22,0,0,0,0,0,0,2,2,0,0,0,5,6,2,0,0,0,8,*,7,5,0,0,12,0,4,0,0,0,4,2,3,0,0,0,5,0,4,2,0,0,6,2,4,0,0,0,6,0,0,1,0,0,1,4,4,1,0,0,10
Scratch & Patch percent,,29.16%,53.13%,17.71%,0%,0%,100.00%,36.36%,22.73%,40.91%,0%,0%,100.00%,27.02%,62.17%,10.81%,0%,0%,100.00%,0%,0%,0%,0%,0%,0%,50.00%,50.00%,0%,0%,0%,100.00%,73.08%,26.92%,0%,0%,0%,100.00%,2.51%,54.99%,42.50%,0%,0%,100.00%,0%,100.00%,0%,0%,0%,100.00%,44.44%,55.56%,0%,0%,0%,100.00%,0%,61.91%,38.09%,0%,0%,100.00%,31.58%,68.42%,0%,0%,0%,100.00%,0%,0%,100.00%,0%,0%,100.00%,42.41%,45.46%,12.13%,0%,0%,100.00%
Sun Life,5,3,2,0,0,0,5,2,1,0,0,0,3,1,1,0,0,0,2,0,0,0,0,0,0,0,0,0,0,0,0,2,1,0,0,0,3,1,0,0,0,0,1,0,1,0,0,0,1,0,0,0,0,0,0,2,1,0,0,0,3,1,1,0,0,0,2,0,0,0,0,0,0,0,0,0,0,0,0
Sun Life weighted,5,3,1,0,0,0,5,2,1,0,0,0,3,1,*,0,0,0,2,0,0,0,0,0,0,0,0,0,0,0,0,2,1,0,0,0,3,1,0,0,0,0,1,0,*,0,0,0,*,0,0,0,0,0,0,3,*,0,0,0,3,*,1,0,0,0,1,0,0,0,0,0,0,0,0,0,0,0,0
Sun Life percent,,73.33%,26.67%,0%,0%,0%,100.00%,66.68%,33.32%,0%,0%,0%,100.00%,83.30%,16.70%,0%,0%,0%,100.00%,0%,0%,0%,0%,0%,0%,0%,0%,0%,0%,0%,0%,66.68%,33.32%,0%,0%,0%,100.00%,100.00%,0%,0%,0%,0%,100.00%,0%,100.00%,0%,0%,0%,100.00%,0%,0%,0%,0%,0%,0%,90.89%,9.11%,0%,0%,0%,100.00%,25.05%,74.95%,0%,0%,0%,100.00%,0%,0%,0%,0%,0%,0%,0%,0%,0%,0%,0%,0%
Tesco Bank,865,340,334,159,25,6,864,116,141,75,10,0,342,223,193,84,15,6,521,1,0,0,0,0,1,38,20,8,2,1,69,80,126,50,7,1,264,147,145,78,12,3,385,75,43,23,4,1,146,64,65,31,7,0,167,80,78,31,5,2,196,95,85,44,7,3,234,26,27,9,3,0,65,75,79,44,3,1,202
Tesco Bank weighted,950,392,343,176,31,7,950,138,143,85,11,0,378,253,201,91,20,7,571,1,0,0,0,0,1,37,22,11,2,1,73,107,150,49,12,2,320,166,127,95,13,1,401,83,44,22,4,2,155,66,66,37,9,0,178,100,78,28,10,1,217,108,86,49,7,3,254,37,37,10,2,0,86,81,76,52,2,2,214
Tesco Bank percent,,41.27%,36.15%,18.57%,3.28%,0.73%,100.00%,36.54%,37.80%,22.64%,3.02%,0%,100.00%,44.31%,35.12%,15.91%,3.46%,1.21%,100.00%,100.00%,0%,0%,0%,0%,100.00%,50.41%,29.92%,15.16%,3.28%,1.23%,100.00%,33.33%,46.91%,15.17%,3.84%,0.75%,100.00%,41.26%,31.61%,23.62%,3.21%,0.30%,100.00%,53.39%,28.62%,14.12%,2.32%,1.55%,100.00%,37.15%,36.80%,21.01%,5.04%,0%,100.00%,46.14%,35.77%,12.84%,4.70%,0.55%,100.00%,42.56%,34.04%,19.15%,2.95%,1.30%,100.00%,42.86%,43.20%,11.49%,2.44%,0%,100.00%,37.62%,35.66%,24.48%,1.12%,1.12%,100.00%
The Caravan Club,8,2,4,2,0,0,8,2,4,2,0,0,8,0,0,0,0,0,0,0,0,0,0,0,0,0,1,0,0,0,1,2,1,1,0,0,4,0,2,1,0,0,3,0,0,0,0,0,0,0,1,1,0,0,2,0,0,0,0,0,0,0,1,1,0,0,2,2,2,0,0,0,4,0,0,0,0,0,0
The Caravan Club weighted,12,3,4,5,0,0,12,3,4,5,0,0,12,0,0,0,0,0,0,0,0,0,0,0,0,0,*,0,0,0,*,3,1,2,0,0,6,0,3,2,0,0,5,0,0,0,0,0,0,0,*,2,0,0,3,0,0,0,0,0,0,0,2,2,0,0,5,3,1,0,0,0,4,0,0,0,0,0,0
The Caravan Club percent,,25.64%,33.34%,41.02%,0%,0%,100.00%,25.64%,33.34%,41.02%,0%,0%,100.00%,0%,0%,0%,0%,0%,0%,0%,0%,0%,0%,0%,0%,0%,100.00%,0%,0%,0%,100.00%,47.62%,14.28%,38.09%,0%,0%,100.00%,0%,52.95%,47.05%,0%,0%,100.00%,0%,0%,0%,0%,0%,0%,0%,11.14%,88.86%,0%,0%,100.00%,0%,0%,0%,0%,0%,0%,0%,50.00%,50.00%,0%,0%,100.00%,71.42%,28.58%,0%,0%,0%,100.00%,0%,0%,0%,0%,0%,0%
The Insurance Emporium,144,40,59,35,6,4,144,12,21,15,3,3,54,28,38,20,3,1,90,0,0,0,0,0,0,6,3,2,0,0,11,9,19,12,1,3,44,15,25,14,3,0,57,10,12,7,2,1,32,3,6,4,1,4,18,13,23,10,1,0,47,9,15,6,1,0,31,1,3,6,0,0,10,14,12,9,3,0,38
The Insurance Emporium weighted,155,44,66,29,11,5,155,12,19,13,5,4,55,32,47,16,5,*,100,0,0,0,0,0,0,11,3,3,0,0,17,7,22,8,2,4,44,16,30,12,5,0,64,9,11,6,3,*,30,1,5,5,2,5,18,17,20,10,1,0,49,9,20,7,2,0,39,1,6,2,0,0,9,16,14,5,5,0,40
The Insurance Emporium percent,,28.29%,42.83%,18.80%,6.97%,3.10%,100.00%,21.98%,35.71%,24.18%,9.89%,8.24%,100.00%,31.74%,46.70%,15.87%,5.39%,0.30%,100.00%,0%,0%,0%,0%,0%,0%,65.45%,18.19%,16.36%,0%,0%,100.00%,16.21%,50.00%,18.25%,5.41%,10.13%,100.00%,25.70%,47.19%,18.70%,8.41%,0%,100.00%,31.32%,36.36%,21.21%,10.10%,1.01%,100.00%,5.01%,28.35%,26.66%,13.33%,26.66%,100.00%,35.19%,41.97%,21.61%,1.23%,0%,100.00%,24.03%,51.94%,17.83%,6.20%,0%,100.00%,10.00%,69.98%,20.02%,0%,0%,100.00%,38.52%,35.55%,12.60%,13.33%,0%,100.00%
The Kennel Club,46,19,17,9,0,1,46,11,13,2,0,1,27,8,4,6,0,0,18,0,0,1,0,0,1,4,2,1,0,0,7,5,6,1,0,0,12,6,8,6,0,1,21,4,1,1,0,0,6,5,5,0,0,0,10,2,3,2,0,0,7,3,2,2,0,0,7,4,1,1,0,0,6,5,6,4,0,1,16
The Kennel Club weighted,70,31,24,13,0,2,70,16,17,3,0,2,37,15,7,7,0,0,30,0,0,2,0,0,2,8,5,2,0,0,15,10,9,*,0,0,19,6,9,7,0,2,25,7,1,2,0,0,10,9,7,0,0,0,16,2,5,1,0,0,8,7,3,3,0,0,13,8,1,2,0,0,11,4,8,7,0,2,22
The Kennel Club percent,,44.40%,34.05%,18.11%,0%,3.45%,100.00%,41.60%,44.80%,7.20%,0%,6.40%,100.00%,51.52%,23.23%,25.25%,0%,0%,100.00%,0%,0%,100.00%,0%,0%,100.00%,52.94%,31.37%,15.69%,0%,0%,100.00%,53.13%,45.31%,1.57%,0%,0%,100.00%,22.89%,37.34%,30.13%,0%,9.64%,100.00%,67.64%,8.82%,23.53%,0%,0%,100.00%,58.49%,41.51%,0%,0%,0%,100.00%,28.57%,60.72%,10.70%,0%,0%,100.00%,55.81%,23.26%,20.93%,0%,0%,100.00%,72.23%,5.54%,22.23%,0%,0%,100.00%,19.45%,38.88%,30.56%,0%,11.11%,100.00%
Vetsure,31,7,12,10,2,0,31,3,1,3,0,0,7,4,11,7,2,0,24,0,0,0,0,0,0,1,3,2,1,0,7,1,5,2,0,0,8,2,2,5,1,0,10,3,2,1,0,0,6,0,1,2,0,0,3,3,2,5,2,0,12,1,4,2,0,0,7,2,3,0,0,0,5,1,2,1,0,0,4
Vetsure weighted,34,5,17,10,2,0,34,1,2,2,0,0,6,4,15,8,2,0,28,0,0,0,0,0,0,1,5,1,1,0,10,1,7,4,0,0,13,1,3,3,*,0,7,1,1,2,0,0,4,0,2,3,0,0,5,4,1,3,2,0,10,*,3,2,0,0,5,1,5,0,0,0,6,*,5,2,0,0,7
Vetsure percent,,14.16%,50.43%,30.10%,5.31%,0%,100.00%,21.05%,42.10%,36.85%,0%,0%,100.00%,12.77%,52.11%,28.73%,6.39%,0%,100.00%,0%,0%,0%,0%,0%,0%,15.63%,56.24%,12.51%,15.63%,0%,100.00%,11.63%,58.13%,30.24%,0%,0%,100.00%,8.71%,47.80%,39.14%,4.35%,0%,100.00%,26.67%,19.97%,53.35%,0%,0%,100.00%,0%,47.06%,52.94%,0%,0%,100.00%,36.36%,12.09%,33.37%,18.19%,0%,100.00%,5.57%,61.09%,33.33%,0%,0%,100.00%,10.02%,89.98%,0%,0%,0%,100.00%,4.01%,63.99%,32.00%,0%,0%,100.00%
Vetsmedicover,30,14,12,4,0,0,30,3,6,1,0,0,10,11,6,3,0,0,20,0,0,0,0,0,0,1,5,0,0,0,6,4,4,1,0,0,9,4,3,3,0,0,10,5,0,0,0,0,5,1,2,1,0,0,4,3,1,0,0,0,4,2,6,1,0,0,9,1,2,2,0,0,5,7,1,0,0,0,8
Vetsmedicover weighted,37,17,15,4,0,0,37,6,9,*,0,0,16,11,6,4,0,0,21,0,0,0,0,0,0,2,10,0,0,0,13,5,3,1,0,0,9,4,2,3,0,0,10,6,0,0,0,0,6,2,3,1,0,0,7,2,1,0,0,0,3,2,9,1,0,0,12,1,2,2,0,0,5,10,1,0,0,0,10
Vetsmedicover percent,,47.16%,41.46%,11.38%,0%,0%,100.00%,40.38%,57.69%,1.93%,0%,0%,100.00%,52.12%,29.57%,18.31%,0%,0%,100.00%,0%,0%,0%,0%,0%,0%,19.05%,80.95%,0%,0%,0%,100.00%,53.35%,36.65%,10.00%,0%,0%,100.00%,46.87%,18.74%,34.39%,0%,0%,100.00%,100.00%,0%,0%,0%,0%,100.00%,34.79%,43.46%,21.75%,0%,0%,100.00%,77.84%,22.16%,0%,0%,0%,100.00%,15.39%,76.92%,7.69%,0%,0%,100.00%,29.41%,35.30%,35.30%,0%,0%,100.00%,91.43%,8.57%,0%,0%,0%,100.00%
Waggel,33,6,16,10,1,0,33,2,5,3,0,0,10,4,11,7,1,0,23,0,0,0,0,0,0,1,5,1,0,0,7,2,5,2,1,0,10,2,3,5,0,0,10,1,3,2,0,0,6,0,4,2,0,0,6,0,2,2,1,0,5,2,7,1,0,0,10,0,1,4,0,0,5,4,2,1,0,0,7
Waggel weighted,54,6,26,20,1,0,54,1,10,4,0,0,15,5,16,16,1,0,39,0,0,0,0,0,0,1,7,2,0,0,10,2,10,5,1,0,18,2,4,9,0,0,15,1,5,4,0,0,10,0,9,5,0,0,13,0,3,4,1,0,9,1,8,2,0,0,12,0,1,8,0,0,9,5,5,1,0,0,10
Waggel percent,,11.73%,48.61%,36.87%,2.79%,0%,100.00%,9.99%,64.02%,25.99%,0%,0%,100.00%,12.40%,42.64%,41.08%,3.88%,0%,100.00%,0%,0%,0%,0%,0%,0%,5.70%,71.44%,22.86%,0%,0%,100.00%,13.11%,52.46%,26.23%,8.20%,0%,100.00%,15.69%,27.45%,56.86%,0%,0%,100.00%,9.37%,50.00%,40.63%,0%,0%,100.00%,0%,64.44%,35.56%,0%,0%,100.00%,0%,37.93%,44.83%,17.24%,0%,100.00%,12.18%,68.31%,19.51%,0%,0%,100.00%,0%,10.00%,90.00%,0%,0%,100.00%,47.07%,47.07%,5.87%,0%,0%,100.00%
Other,174,48,63,54,6,3,174,18,30,23,4,2,77,30,33,31,2,1,97,0,0,0,0,0,0,8,10,3,2,0,23,12,14,15,2,1,44,20,27,22,1,1,71,8,12,14,1,1,36,5,6,9,2,0,22,9,19,12,0,0,40,12,22,15,3,0,52,5,1,4,1,2,13,17,15,14,0,1,47
Other weighted,410,114,148,127,14,7,410,42,70,54,10,5,180,72,78,73,5,2,230,0,0,0,0,0,0,18,24,7,5,0,54,29,34,36,5,2,106,48,62,50,2,2,164,19,29,34,2,2,86,12,14,20,5,0,51,20,46,29,0,0,94,29,53,34,7,0,123,12,2,10,2,5,31,41,33,34,0,2,110
Other percent,,27.72%,36.14%,30.87%,3.51%,1.76%,100.00%,23.13%,39.10%,29.78%,5.32%,2.66%,100.00%,31.33%,33.81%,31.72%,2.09%,1.04%,100.00%,0%,0%,0%,0%,0%,0%,32.96%,44.69%,13.41%,8.94%,0%,100.00%,27.27%,31.82%,34.09%,4.55%,2.27%,100.00%,29.20%,37.59%,30.29%,1.46%,1.46%,100.00%,22.22%,33.33%,38.89%,2.78%,2.78%,100.00%,23.39%,28.07%,39.18%,9.36%,0%,100.00%,21.27%,48.25%,30.48%,0%,0%,100.00%,23.36%,42.82%,27.98%,5.84%,0%,100.00%,38.46%,7.69%,30.77%,7.69%,15.38%,100.00%,37.16%,30.05%,30.60%,0%,2.19%,100.00%